"term","freq","freq.rel","freq.rel.100","freq.text.100"
"Internet",6,1,100,6
"ANNIS",1,0.166666666666667,16.6666666666667,1
"EXMARaLDA",1,0.166666666666667,16.6666666666667,1
"Intranet",1,0.166666666666667,16.6666666666667,1
"OA",1,0.166666666666667,16.6666666666667,1
"prometheus",1,0.166666666666667,16.6666666666667,1
"XML",1,0.166666666666667,16.6666666666667,1
